Nom;Activité;Adresse;Téléphone
Le Fournil d'Hirson;Boulangerie;12 Rue Charles de Gaulle, 02500 Hirson;03 23 58 11 22
Boulangerie Patisserie Lefevre;Boulangerie;45 Rue de la République, 02500 Hirson;03 23 58 55 88
Au Pain de Thiérache;Boulangerie;80 Avenue Joffre, 02500 Hirson;03 23 58 33 44
Boulangerie Maes;Boulangerie;12 Rue de Verdun, 02500 Hirson;03 23 58 88 11
Boulangerie du Centre Hirson;Boulangerie;Place de la République, 02500 Hirson;03 23 58 44 66
Boucherie Centrale Hirsonnaise;Boucherie;25 Rue Charles de Gaulle, 02500 Hirson;03 23 58 22 77
Boucherie de la Place;Boucherie;Place de la Mairie, 02500 Hirson;03 23 58 44 11
Boucherie Charcuterie de Thiérache;Boucherie;Avenue Joffre, 02500 Hirson;03 23 58 77 99
Boucherie Traiteur du Centre;Boucherie;Rue de la République, 02500 Hirson;03 23 58 11 55
Hirson Fleurs;Fleuriste;110 Rue Charles de Gaulle, 02500 Hirson;03 23 58 55 22
L'Orchidée Hirsonnaise;Fleuriste;Place de la République, 02500 Hirson;03 23 58 11 66
Passion Fleurs;Fleuriste;Avenue Joffre, 02500 Hirson;03 23 58 88 33
Au Jardin d'Hirson;Fleuriste;Rue de la République, 02500 Hirson;03 23 58 33 99
Garage de la Gare Hirson;Garage Automobile;Avenue de la Gare, 02500 Hirson;03 23 58 33 55
Meca Hirson Service;Garage Automobile;Rue de l'Abbiette, 02500 Hirson;03 23 58 66 22
Garage de la Victoire;Garage Automobile;Rue de la Victoire, 02500 Hirson;03 23 58 99 88
Hirson Pneus Service;Garage Automobile;Avenue Joffre, 02500 Hirson;03 23 58 44 77
Carrosserie Hirsonnaise;Carrosserie;Zone Industrielle, 02500 Hirson;03 23 58 11 88
Garage de la République;Garage Automobile;Place de la République, 02500 Hirson;03 23 58 22 55
Plomberie Hirsonnaise;Plombier;02500 Hirson;03 23 58 11 44
Chauffage Thiérache Service;Chauffagiste;02500 Hirson;03 23 58 55 99
Artisan Plombier du secteur;Plombier;02500 Hirson;06 11 22 33 44
Électricité Générale Hirson;Électricien;02500 Hirson;03 23 58 88 11
Elec Pro Aisne Services;Électricien;02500 Hirson;06 55 66 77 88
Coiffure Style Hirson;Coiffeur;30 Rue Charles de Gaulle, 02500 Hirson;03 23 58 22 44
Salon Espace Coiffure;Coiffeur;115 Rue de la République, 02500 Hirson;03 23 58 77 66
Coiffure Homme Le Barbier;Coiffeur;Rue du Commerce, 02500 Hirson;03 23 58 33 11
Institut Beauté Douceur;Institut de Beauté;55 Avenue Joffre, 02500 Hirson;03 23 58 33 11
Institut Ongle Passion;Institut de Beauté;Place de la Mairie, 02500 Hirson;03 23 58 66 88
Cordonnerie d'Hirson;Cordonnier;90 Rue de la République, 02500 Hirson;03 23 58 66 88
Pressing du Centre;Pressing;Place de la Mairie, 02500 Hirson;03 23 58 99 44
Laverie Hirsonnaise;Pressing;Rue Charles de Gaulle, 02500 Hirson;03 23 58 11 77
Friterie de la Place;Friterie;Place de la Mairie, 02500 Hirson;03 23 58 44 33
La Frite Hirsonnaise;Friterie;Avenue Joffre, 02500 Hirson;03 23 58 55 11
Le Café du Commerce;Bar/Café;Place de la République, 02500 Hirson;03 23 58 11 88
Brasserie de la Mairie;Brasserie;Place de la Mairie, 02500 Hirson;03 23 58 99 55
Le Terminus;Bar/Café;Avenue de la Gare, 02500 Hirson;03 23 58 44 66
Menuiserie Hirsonnaise;Menuisier;02500 Hirson;03 23 58 77 22
L'Artisan du Bois;Menuisier;02500 Hirson;03 23 58 33 77
Peinture Déco Aisne;Peintre;02500 Hirson;03 23 58 66 44
Artisan Peintre du secteur;Peintre;02500 Hirson;03 23 58 11 33
Toiture Hirsonnaise;Couvreur;02500 Hirson;03 23 58 99 55
Couverture du secteur;Couvreur;02500 Hirson;03 23 58 11 88
Auto-École de la Gare;Auto-école;Avenue de la Gare, 02500 Hirson;03 23 58 44 66
Taxi d'Hirson;Taxi;02500 Hirson;03 23 58 88 88
Ambulances de la Vallée;Ambulance;02500 Hirson;03 23 58 77 88
Pompes Funèbres Générales Hirson;Pompes Funèbres;02500 Hirson;03 23 58 10 10
Boulangerie de Buire;Boulangerie;22 Rue de la République, 02500 Buire;03 23 58 11 22
Boucherie de Buire;Boucherie;40 Rue de la République, 02500 Buire;03 23 58 55 88
Garage de Buire;Garage Automobile;110 Route d'Hirson, 02500 Buire;03 23 58 88 44
Coiffure de Buire;Coiffeur;55 Rue de la République, 02500 Buire;03 23 58 33 11
Plomberie de Buire;Plombier;02500 Buire;03 23 58 66 55
Boulangerie de Saint-Michel;Boulangerie;30 Rue de la République, 02830 Saint-Michel;03 23 58 11 33
Boucherie de Saint-Michel;Boucherie;45 Rue de la République, 02830 Saint-Michel;03 23 58 55 66
Garage de Saint-Michel;Garage Automobile;90 Rue de la République, 02830 Saint-Michel;03 23 58 88 22
Coiffure de Saint-Michel;Coiffeur;60 Rue de la République, 02830 Saint-Michel;03 23 58 77 11
Boulangerie de Mondrepuis;Boulangerie;40 Rue de la République, 02500 Mondrepuis;03 23 58 11 44
Boucherie de Mondrepuis;Boucherie;55 Rue de la République, 02500 Mondrepuis;03 23 58 55 88
Garage de Mondrepuis;Garage Automobile;120 Route d'Hirson, 02500 Mondrepuis;03 23 58 88 22
Coiffure de Mondrepuis;Coiffeur;70 Rue de la République, 02500 Mondrepuis;03 23 58 33 99
Boulangerie d'Effry;Boulangerie;22 Rue Principale, 02500 Effry;03 23 58 11 22
Boucherie d'Effry;Boucherie;35 Rue Principale, 02500 Effry;03 23 58 55 88
Garage d'Effry;Garage Automobile;80 Rue Principale, 02500 Effry;03 23 58 88 44
Boulangerie de Wimy;Boulangerie;30 Rue de la République, 02500 Wimy;03 23 58 11 66
Garage de Wimy;Garage Automobile;50 Rue de la République, 02500 Wimy;03 23 58 88 11
Optique Hirsonnais;Opticien;Rue Charles de Gaulle, 02500 Hirson;03 23 58 22 55
Pharmacie Centrale Hirson;Pharmacie;Place de la Mairie, 02500 Hirson;03 23 58 33 22
Pharmacie de Buire;Pharmacie;Rue de la République, 02500 Buire;03 23 58 33 88
Pharmacie de Saint-Michel;Pharmacie;Rue de la République, 02830 Saint-Michel;03 23 58 11 33
Institut Océane Hirson;Institut de Beauté;Avenue Joffre, 02500 Hirson;03 23 58 12 34
Salon Création Coiffure;Coiffeur;Rue de la République, 02500 Hirson;03 23 58 78 90
Cordonnerie de la Gare;Cordonnier;Avenue de la Gare, 02500 Hirson;03 23 58 56 78
Pressing Hirson Pro;Pressing;Rue Charles de Gaulle, 02500 Hirson;03 23 58 90 12
Laverie de Buire;Pressing;Buire;03 23 58 34 56
Mercerie Hirsonnaise;Mercerie;Avenue Joffre, 02500 Hirson;03 23 58 55 77
Retouche Hirson;Couturier;Rue de la République, 02500 Hirson;03 23 58 88 44
Antiquités de la Thiérache;Antiquaire;Hirson;03 23 58 33 66
Librairie de la Mairie;Librairie;Place de la République, 02500 Hirson;03 23 58 22 33
Dépannage Élec Hirson;Électricien;02500 Hirson;06 11 33 44 55
Chauffagiste Thiérache Pro;Chauffagiste;02500 Hirson;03 23 58 11 11
Toiture Hirson Pro;Couvreur;02500 Hirson;03 23 58 11 11
Peintre Hirsonnais;Peintre;02500 Buire;03 23 58 11 11
Menuiserie du secteur;Menuisier;02830 Saint-Michel;03 23 58 11 11
Poissonnerie du Marché;Poissonnerie;Place de la République, 02500 Hirson;03 23 58 11 11
Taxi de Buire;Taxi;02500 Buire;03 23 58 20 20
Taxi de Saint-Michel;Taxi;02830 Saint-Michel;03 23 58 20 30
Ambulances de l'Aisne;Ambulance;02500 Hirson;03 23 58 88 88